name	commit	stages_tested	v3_verdict	v2_verdict_on_v2_source	outcome	operations	request_sink_mainline	archive_reconcile_archive	final_publication	failures
live-create	1203f76510f5dff3418b18ae6b5db116e0c1899a	request	RED	RED	success	pr.list,pr.create,git.push,request.record,archive	pending		false	live-create: durable request receipt lost claim/evidence identity
archive-create	1203f76510f5dff3418b18ae6b5db116e0c1899a	request	RED	RED	success	pr.list,pr.create,git.push,archive.push,request.record,archive	pending		false	archive-create: durable request receipt lost claim/evidence identity
live-open-reuse	1203f76510f5dff3418b18ae6b5db116e0c1899a	request	RED	RED	success	pr.view,archive	pending		false	live-open-reuse: durable request receipt lost claim/evidence identity
archive-open-reuse	1203f76510f5dff3418b18ae6b5db116e0c1899a	request	RED	RED	success	pr.view,archive.push,archive	pending		false	archive-open-reuse: durable request receipt lost claim/evidence identity
legacy-default-close	1203f76510f5dff3418b18ae6b5db116e0c1899a	request	PASS	PASS	success	pr.list,pr.create,git.push,request.record,archive			false	
legacy-keep-open-refusal	1203f76510f5dff3418b18ae6b5db116e0c1899a	request	PASS	PASS	refused				false	
missing-action	1203f76510f5dff3418b18ae6b5db116e0c1899a	request	PASS	PASS	refused				false	
malformed-action	1203f76510f5dff3418b18ae6b5db116e0c1899a	request	PASS	PASS	refused				false	
conflicting-action	1203f76510f5dff3418b18ae6b5db116e0c1899a	request	PASS	RED	refused				false	
missing-repository	1203f76510f5dff3418b18ae6b5db116e0c1899a	request	RED	RED	success	pr.list,pr.create,git.push,request.record,archive	pending		false	missing-repository: unsafe or unsupported input must refuse | missing-repository: unsafe effect occurred before refusal: [{"name":"pr.list","argv":"pr list --head workflow/issue-143 --base main --state open --json url,number,state,headRefName,baseRefName,body,title","pid":36767,"cwd":"/Users/ylmacstudio/Workspace/kaola-workflow/kaola-workflow/issue-1113/.cache/keepopen-independent-pins-v3/runs/sui
malformed-repository	1203f76510f5dff3418b18ae6b5db116e0c1899a	request	RED	RED	success	pr.list,pr.create,git.push,request.record,archive	pending		false	malformed-repository: unsafe or unsupported input must refuse | malformed-repository: unsafe effect occurred before refusal: [{"name":"pr.list","argv":"pr list --head workflow/issue-143 --base main --state open --json url,number,state,headRefName,baseRefName,body,title","pid":37408,"cwd":"/Users/ylmacstudio/Workspace/kaola-workflow/kaola-workflow/issue-1113/.cache/keepopen-independent-pins-v3/runs
repository-mismatch	1203f76510f5dff3418b18ae6b5db116e0c1899a	request	RED	RED	success	pr.list,pr.create,git.push,request.record,archive	pending		false	repository-mismatch: unsafe or unsupported input must refuse | repository-mismatch: unsafe effect occurred before refusal: [{"name":"pr.list","argv":"pr list --head workflow/issue-143 --base main --state open --json url,number,state,headRefName,baseRefName,body,title","pid":38031,"cwd":"/Users/ylmacstudio/Workspace/kaola-workflow/kaola-workflow/issue-1113/.cache/keepopen-independent-pins-v3/runs/s
missing-digest	1203f76510f5dff3418b18ae6b5db116e0c1899a	request	RED	RED	success	pr.list,pr.create,git.push,request.record,archive	pending		false	missing-digest: unsafe or unsupported input must refuse | missing-digest: unsafe effect occurred before refusal: [{"name":"pr.list","argv":"pr list --head workflow/issue-143 --base main --state open --json url,number,state,headRefName,baseRefName,body,title","pid":38656,"cwd":"/Users/ylmacstudio/Workspace/kaola-workflow/kaola-workflow/issue-1113/.cache/keepopen-independent-pins-v3/runs/suite-1203f
malformed-digest	1203f76510f5dff3418b18ae6b5db116e0c1899a	request	RED	RED	success	pr.list,pr.create,git.push,request.record,archive	pending		false	malformed-digest: unsafe or unsupported input must refuse | malformed-digest: unsafe effect occurred before refusal: [{"name":"pr.list","argv":"pr list --head workflow/issue-143 --base main --state open --json url,number,state,headRefName,baseRefName,body,title","pid":39574,"cwd":"/Users/ylmacstudio/Workspace/kaola-workflow/kaola-workflow/issue-1113/.cache/keepopen-independent-pins-v3/runs/suite-1
digest-mismatch	1203f76510f5dff3418b18ae6b5db116e0c1899a	request	RED	RED	success	pr.list,pr.create,git.push,request.record,archive	pending		false	digest-mismatch: unsafe or unsupported input must refuse | digest-mismatch: unsafe effect occurred before refusal: [{"name":"pr.list","argv":"pr list --head workflow/issue-143 --base main --state open --json url,number,state,headRefName,baseRefName,body,title","pid":40146,"cwd":"/Users/ylmacstudio/Workspace/kaola-workflow/kaola-workflow/issue-1113/.cache/keepopen-independent-pins-v3/runs/suite-120
missing-member	1203f76510f5dff3418b18ae6b5db116e0c1899a	request	RED	RED	success	pr.list,pr.create,git.push,request.record,archive	pending		false	missing-member: unsafe or unsupported input must refuse | missing-member: unsafe effect occurred before refusal: [{"name":"pr.list","argv":"pr list --head workflow/issue-143 --base main --state open --json url,number,state,headRefName,baseRefName,body,title","pid":40778,"cwd":"/Users/ylmacstudio/Workspace/kaola-workflow/kaola-workflow/issue-1113/.cache/keepopen-independent-pins-v3/runs/suite-1203f
malformed-member	1203f76510f5dff3418b18ae6b5db116e0c1899a	request	RED	RED	success	pr.list,pr.create,git.push,request.record,archive	pending		false	malformed-member: unsafe or unsupported input must refuse | malformed-member: unsafe effect occurred before refusal: [{"name":"pr.list","argv":"pr list --head workflow/issue-143 --base main --state open --json url,number,state,headRefName,baseRefName,body,title","pid":41330,"cwd":"/Users/ylmacstudio/Workspace/kaola-workflow/kaola-workflow/issue-1113/.cache/keepopen-independent-pins-v3/runs/suite-1
member-mismatch	1203f76510f5dff3418b18ae6b5db116e0c1899a	request	PASS	PASS	refused				false	
unsupported-bundle	1203f76510f5dff3418b18ae6b5db116e0c1899a	request	PASS	PASS	refused				false	
mixed-disposition	1203f76510f5dff3418b18ae6b5db116e0c1899a	request	PASS	PASS	refused				false	
missing-branch	1203f76510f5dff3418b18ae6b5db116e0c1899a	request	PASS	PASS	refused				false	
malformed-branch	1203f76510f5dff3418b18ae6b5db116e0c1899a	request	PASS	PASS	refused				false	
branch-mismatch	1203f76510f5dff3418b18ae6b5db116e0c1899a	request	PASS	PASS	refused				false	
unsupported-forge	1203f76510f5dff3418b18ae6b5db116e0c1899a	request	RED	RED	success	pr.list,pr.create,git.push,request.record,archive	pending		false	unsupported-forge: unsafe or unsupported input must refuse | unsupported-forge: unsafe effect occurred before refusal: [{"name":"pr.list","argv":"pr list --head workflow/issue-143 --base main --state open --json url,number,state,headRefName,baseRefName,body,title","pid":43368,"cwd":"/Users/ylmacstudio/Workspace/kaola-workflow/kaola-workflow/issue-1113/.cache/keepopen-independent-pins-v3/runs/suite
closing-commit-reference-create	1203f76510f5dff3418b18ae6b5db116e0c1899a	request	PASS	PASS	refused	pr.list			false	
qualified-closing-commit-reference-reuse	1203f76510f5dff3418b18ae6b5db116e0c1899a	request	PASS	PASS	refused	pr.view			false	
wrong-base-existing-pr	1203f76510f5dff3418b18ae6b5db116e0c1899a	request	PASS	PASS	refused	pr.view			false	
wrong-head-existing-pr	1203f76510f5dff3418b18ae6b5db116e0c1899a	request	PASS	PASS	refused	pr.view			false	
closed-unmerged-existing-pr	1203f76510f5dff3418b18ae6b5db116e0c1899a	request	PASS	PASS	refused	pr.view			false	
open-probe-failure	1203f76510f5dff3418b18ae6b5db116e0c1899a	request+liveWatch	RED	RED	unknown	pr.list,pr.create,pr.view,claim.cleanup,claim.cleanup,api.repos/{owner}/{repo}/issues/143/comments,issue.view,git.push,request.record,archive,worktree.remove	pending		false	open-probe-failure: durable request receipt lost claim/evidence identity
merged-open-not-republished	1203f76510f5dff3418b18ae6b5db116e0c1899a	request+archiveReconcile	RED	RED	success	pr.view,pr.view,issue.view,claim.cleanup,claim.cleanup,api.repos/{owner}/{repo}/issues/143/comments,worktree.remove	pending_reconciliation	published	true	merged-open-not-republished: merged receipt lost claim/evidence identity | merged-open-not-republished: watcher receipt lost claim/evidence identity
merged-closed-violation	1203f76510f5dff3418b18ae6b5db116e0c1899a	request+archiveReconcile	RED	RED	success	pr.view,pr.view,issue.view,claim.cleanup,claim.cleanup,api.repos/{owner}/{repo}/issues/143/comments,worktree.remove	pending_reconciliation	published	true	merged-closed-violation: merged receipt lost claim/evidence identity | merged-closed-violation: watcher receipt lost claim/evidence identity
merged-probe-unknown	1203f76510f5dff3418b18ae6b5db116e0c1899a	request+archiveReconcile	RED	RED	unknown	pr.view,pr.view,issue.view,claim.cleanup,claim.cleanup,api.repos/{owner}/{repo}/issues/143/comments,worktree.remove	pending_reconciliation	published	true	merged-probe-unknown: merged receipt lost claim/evidence identity | merged-probe-unknown: watcher receipt lost claim/evidence identity
retry-archive	1203f76510f5dff3418b18ae6b5db116e0c1899a	request	PASS	PASS	success	pr.list,pr.create,pr.view,git.push,archive.push,archive.push,request.record,archive	pending		false	
retry-create	1203f76510f5dff3418b18ae6b5db116e0c1899a	request	PASS	PASS	success	pr.list,pr.create,pr.list,git.push,request.record,archive	pending		false	
retry-record	1203f76510f5dff3418b18ae6b5db116e0c1899a	request	PASS	PASS	success	pr.list,pr.create,pr.view,git.push,request.record,archive	pending		false	
retry-push	1203f76510f5dff3418b18ae6b5db116e0c1899a	request	PASS	PASS	success	pr.list,pr.list,pr.create,git.push,git.push,request.record,archive	pending		false	
live-watch-open	1203f76510f5dff3418b18ae6b5db116e0c1899a	liveWatch	PASS	PASS	observed	pr.view,claim.cleanup,claim.cleanup,api.repos/{owner}/{repo}/issues/143/comments,issue.view,archive,worktree.remove			false	
live-watch-closed	1203f76510f5dff3418b18ae6b5db116e0c1899a	liveWatch	PASS	PASS	observed	pr.view,claim.cleanup,claim.cleanup,api.repos/{owner}/{repo}/issues/143/comments,issue.view,archive,worktree.remove			false	
live-watch-unknown	1203f76510f5dff3418b18ae6b5db116e0c1899a	liveWatch	PASS	PASS	observed	pr.view,claim.cleanup,claim.cleanup,api.repos/{owner}/{repo}/issues/143/comments,issue.view,archive,worktree.remove			false	
archive-watch-open	1203f76510f5dff3418b18ae6b5db116e0c1899a	archiveReconcile	PASS	PASS	observed	pr.view,issue.view,claim.cleanup,claim.cleanup,api.repos/{owner}/{repo}/issues/143/comments,worktree.remove		published	true	
archive-watch-closed	1203f76510f5dff3418b18ae6b5db116e0c1899a	archiveReconcile	PASS	PASS	observed	pr.view,issue.view,claim.cleanup,claim.cleanup,api.repos/{owner}/{repo}/issues/143/comments,worktree.remove		published	true	
archive-watch-unknown	1203f76510f5dff3418b18ae6b5db116e0c1899a	archiveReconcile	PASS	PASS	observed	pr.view,issue.view,claim.cleanup,claim.cleanup,api.repos/{owner}/{repo}/issues/143/comments,worktree.remove		published	true	
unrelated-watch-scope	1203f76510f5dff3418b18ae6b5db116e0c1899a	liveWatch	PASS	PASS	observed	pr.view,claim.cleanup,claim.cleanup,api.repos/{owner}/{repo}/issues/143/comments,issue.view,issue.list,issue.view,archive,worktree.remove			false	
stage-request-merged-live	1203f76510f5dff3418b18ae6b5db116e0c1899a	request	PASS	n/a (new v3 row)	success	pr.view	pending_reconciliation		false	
stage-request-merged-archive	1203f76510f5dff3418b18ae6b5db116e0c1899a	request	PASS	n/a (new v3 row)	success	pr.view	pending_reconciliation		false	
stage-final-archive-not-on-origin	1203f76510f5dff3418b18ae6b5db116e0c1899a	request+archiveReconcile	PASS	n/a (new v3 row)	success	pr.view,pr.view,issue.view,claim.cleanup,claim.cleanup,api.repos/{owner}/{repo}/issues/143/comments,worktree.remove	pending_reconciliation	local_only	false	
